Subscription_ID,Campaign_ID,CPF,Subscription_Date,Subscription_Value
9577,1,49722204463,2024-05-26,90
3494,13,68590033482,2023-07-06,60
9994,13,14939671340,2024-08-16,90
7399,5,38431169772,2024-12-15,80
6921,14,13511432322,2023-01-05,90
8290,3,16265804353,2023-01-15,80
3659,7,27642654648,2024-02-12,50
4904,14,94692808602,2023-11-15,50
9791,4,43786720678,2023-04-30,120
8821,4,61077879301,2023-01-28,120
7487,1,89100351600,2023-12-01,60
4601,5,22464296141,2023-09-24,100
6851,7,04800284226,2023-05-14,90
8525,14,53828910866,2023-04-19,120
3795,6,60005236956,2023-10-06,90
8682,5,63307684287,2024-06-10,50
8604,2,91680859892,2024-06-05,90
9423,8,42824191091,2024-01-02,70
8330,3,73820149728,2024-12-18,90
5932,10,50025887650,2023-03-22,100
4637,9,39355285029,2024-02-01,60
5146,14,81443122146,2024-10-13,50
5941,13,52614187321,2023-10-09,50
6176,4,63246460533,2024-10-18,80
9642,1,88305206442,2023-01-20,50
8646,9,17912715773,2024-04-25,90
4775,7,07911469914,2023-03-08,60
6484,1,82163853797,2024-03-07,120
4558,11,20728968311,2023-12-24,80
5870,7,04893682533,2023-09-09,90
5043,13,83877459619,2024-10-25,60
6093,8,93470668181,2023-07-27,70
5982,14,83377720920,2024-11-08,50
9130,5,24914696910,2023-07-05,80
3569,10,48243084307,2024-12-15,120
3874,4,74437106048,2024-07-21,100
3106,12,95991054310,2024-02-14,80
9505,1,63711852686,2024-07-05,100
6615,8,44120754666,2024-04-11,50
7808,14,84020307225,2024-01-06,120
7162,6,47749311919,2024-05-31,80
9147,8,69808258312,2024-02-20,100
4970,5,46298196224,2024-04-11,120
8754,7,41357801052,2023-11-25,60
6725,1,00853077494,2024-01-28,80
7834,7,96891968581,2024-06-09,80
6127,5,14752117048,2024-09-02,120
8313,5,79604311077,2023-08-09,80
3185,1,49210426927,2024-12-08,70
9045,7,26955550710,2023-09-11,50
7235,6,10089604508,2024-09-29,100
7102,1,52942336400,2024-07-01,120
5346,7,06386233122,2024-07-22,100
3643,3,73995043452,2024-03-23,60
7249,9,28071869950,2024-04-26,90
6852,11,33764990454,2023-01-10,60
5929,8,22936744417,2023-11-19,70
3521,3,37876999334,2023-09-04,80
6964,2,13175877358,2023-02-26,60
6311,11,22110540023,2023-12-12,60
3004,10,02745005711,2023-11-20,120
9865,11,57897443162,2024-06-09,70
7537,15,69991910508,2024-05-25,70
5724,13,50996286426,2024-05-13,70
5614,2,45957010498,2023-10-12,120
9745,6,89645989579,2024-03-02,60
5803,4,35189146565,2023-07-09,50
9202,10,26099793540,2024-06-10,80
5326,4,46312605313,2023-07-30,100
9448,15,95537597924,2024-07-06,60
5193,3,94069692932,2023-04-11,120
8166,3,48985501290,2023-09-18,70
9581,15,62380496317,2023-04-14,120
9625,12,76434083601,2023-12-20,120
7033,11,44322206577,2023-07-21,120
8630,14,99163960132,2024-03-12,90
6267,9,54914537072,2024-06-18,80
3480,13,23227395700,2024-10-20,100
3729,7,11532995646,2024-04-12,60
8447,14,53381750792,2023-08-24,100
4750,13,89336504598,2024-09-07,60
7247,3,66674260856,2023-03-17,120
4090,10,80382401910,2023-09-30,90
8821,8,26497579174,2023-11-01,100
3970,12,79291203664,2023-04-08,70
7957,2,28965663442,2023-09-01,70
9300,14,45228263301,2024-01-06,90
7349,2,35881437060,2023-12-03,70
5593,15,74752141836,2024-10-04,120
9914,13,79225048243,2024-09-05,90
4947,15,71926519696,2023-08-08,100
6034,14,55870551705,2024-10-02,50
3616,5,89930288625,2023-01-02,120
5774,10,81142843313,2023-03-16,70
6748,2,06268200607,2023-12-08,50
6025,2,64363001979,2023-09-02,80
7373,7,61635133670,2023-05-29,80
3152,14,10521442568,2024-12-08,80
8959,4,76580175248,2023-05-05,70
6772,6,73472772380,2024-02-20,70
5003,1,45075796446,2023-12-26,120
4288,9,17755424728,2024-10-04,100
7517,15,95191325836,2024-08-12,120
9085,9,48663514827,2024-06-02,70
5443,13,85832405433,2023-10-06,70
8670,6,15705035773,2023-07-01,60
6511,5,62016616152,2024-03-06,80
4291,2,21569374556,2023-12-10,80
5599,12,67493924283,2024-07-26,70
8372,2,30033925881,2024-07-06,80
9734,11,46297914693,2023-04-19,60
7109,2,68827921097,2024-08-26,80
9156,8,00757559559,2024-03-10,90
7124,5,84322039662,2023-07-08,90
3486,14,71092215305,2023-08-30,70
8693,4,82012903686,2024-08-11,100
9076,1,35518538887,2023-01-22,50
7924,12,14208290324,2024-11-24,80
6351,14,09575426702,2024-07-26,80
6568,2,91809506800,2024-09-05,60
3237,4,11272025088,2023-04-15,90
3349,10,45782699397,2023-09-21,80
3939,12,84185980644,2024-09-18,120
9693,2,90132812047,2024-01-10,120
6913,9,98595143171,2024-11-23,100
5574,6,40807968422,2023-03-11,100
7761,4,11231318187,2023-06-30,70
8378,6,77715362438,2023-07-15,50
3796,10,68012103136,2023-07-07,80
5453,2,30084266911,2024-03-23,120
8450,7,30190470038,2024-02-09,100
5042,1,67233995169,2023-07-20,120
7614,8,89089466750,2024-05-10,120
3049,11,67178348960,2024-05-13,90
6723,8,16895696833,2024-08-12,100
4691,11,78150468562,2023-07-10,90
4052,8,55073992371,2023-08-10,60
4300,10,83042713041,2023-09-19,80
5787,7,54974834863,2023-05-31,100
6235,5,91396115718,2023-02-13,120
6452,11,56420142562,2024-09-13,90
7314,4,81722564201,2024-09-17,120
4081,9,66407728209,2024-07-06,120
8613,5,02859978807,2023-09-05,80
9354,11,49169666505,2024-07-07,120
6995,10,54659134736,2024-07-09,70
8056,1,30742298476,2023-07-20,90
8979,10,83016789560,2024-08-06,100
8052,4,43966351101,2024-01-11,100
9749,11,42689864484,2024-09-20,120
4150,11,51222212578,2024-04-06,100
7169,15,82300976716,2023-10-17,50
4074,8,80205676093,2024-06-24,60
5996,8,99338864354,2024-10-13,100
4606,6,23348101273,2023-01-15,90
5898,5,29600894613,2023-02-05,70
6617,2,71696819370,2024-11-21,90
3582,3,25826001789,2023-10-19,120
6486,2,03836529851,2024-12-04,100
7428,6,62076121844,2023-09-09,60
7056,12,17739310003,2023-01-25,50
5419,12,77644597142,2023-10-13,100
9399,8,31971857099,2024-06-25,80
4917,2,45367833747,2023-02-01,70
6522,9,76354391699,2024-07-22,50
7233,11,85140215010,2024-06-09,90
9218,8,15264428765,2024-06-03,70
6615,10,58318725348,2024-05-29,50
3557,3,31558057148,2023-10-24,90
9694,5,52392539768,2024-06-23,100
6671,7,46121534829,2024-11-22,120
7009,2,97556009019,2023-10-28,80
9825,12,02383439730,2023-03-21,80
8329,5,97257619531,2024-04-21,100
5883,4,01077133219,2023-03-07,50
7552,12,14884182820,2023-01-07,90
3287,6,68574181667,2023-11-21,60
9136,15,28491613265,2024-10-18,90
6061,13,51906351281,2023-08-21,90
6649,9,48905652436,2023-04-17,120
9176,6,94710376203,2024-01-09,50
4597,3,52737489999,2024-02-07,70
9459,1,52623561089,2024-11-02,60
3425,4,16002708105,2024-10-25,70
6285,8,63074583091,2023-03-29,90
8891,8,15351179249,2024-03-26,90
9464,4,50532121110,2023-05-14,60
8493,11,24247853508,2024-01-12,50
7566,13,29127820252,2023-07-27,60
5171,11,41111111294,2023-06-09,50
5362,8,42888805184,2024-07-10,50
7105,12,04201819992,2024-08-14,60
5442,8,09726639751,2023-02-17,80
6326,11,33087659222,2023-03-11,70
5425,4,50006455131,2024-07-07,80
8620,14,88941655798,2024-04-24,120
8604,6,92619219557,2023-06-08,90
4113,3,28550600152,2023-05-14,80
5063,11,32756300546,2023-10-13,70
4139,7,99214460185,2023-10-22,100
8077,4,07972629731,2024-03-04,60
8756,12,67356190859,2023-11-29,60
9580,2,48595860108,2024-10-28,60
9678,13,18567010119,2023-03-19,90
8770,4,32246120231,2024-07-06,90
5508,7,49924295988,2024-09-16,100
8699,7,24867851855,2024-04-29,90
5719,9,41396743613,2024-10-01,60
7028,6,35746481731,2024-12-11,120
8881,3,45640273422,2024-10-26,90
8197,2,09704438072,2023-02-05,70
6048,11,07598480851,2024-04-06,70
9791,7,71335240460,2023-06-23,50
4944,8,77506313646,2024-02-06,70
3088,1,77494709766,2023-02-20,80
9346,9,24021942734,2024-09-22,80
8933,9,23790632167,2024-04-22,60
9761,9,58723383680,2024-11-06,80
9722,10,95322978940,2023-10-12,50
3023,6,22502164577,2024-06-15,80
9004,6,53106792644,2023-08-31,100
4924,1,66178128448,2023-11-28,70
7489,2,71666474912,2023-09-26,80
8268,10,25138732513,2024-11-18,70
6634,14,83680144278,2024-03-19,60
5524,9,73470587242,2024-01-25,120
7322,10,38287445780,2024-03-05,100
4008,4,97014070626,2023-03-10,90
8762,4,98080523638,2024-01-22,50
4505,1,53970792743,2023-12-31,90
6798,4,34640875879,2023-11-27,90
4417,2,53368846522,2024-06-06,60
3406,1,53848767947,2023-09-18,50
9935,12,05817571249,2024-03-15,120
8331,7,96837093584,2024-04-25,80
6580,8,41965357682,2024-12-10,50
4504,2,60767443210,2023-03-28,100
3378,8,32694938136,2024-10-15,90
5127,11,04990198782,2023-06-11,60
8745,4,52638715601,2023-09-26,60
5675,12,49329454206,2024-10-09,80
9712,3,23289302801,2023-07-10,70
5666,14,79653194406,2023-08-26,50
8157,8,30814733181,2023-05-14,90
4762,2,86617249331,2024-08-17,120
5347,4,18153868159,2023-04-05,70
4091,2,64480357607,2023-07-31,80
6426,8,85885977859,2024-10-03,50
4396,11,22162983282,2023-08-12,70
9931,15,96482534562,2024-05-27,90
8186,10,79607856183,2023-09-19,50
9814,6,28201858355,2024-01-23,120
5414,15,10455931307,2024-09-16,100
5431,7,72766933470,2023-05-14,80
9026,8,31391769949,2023-06-06,70
3148,7,91875046919,2023-05-13,60
6476,3,90730309759,2023-01-09,120
5740,12,25702175309,2023-10-12,90
8408,8,64314718899,2023-06-25,60
8573,5,96395769231,2023-12-15,100
5298,2,96507377673,2023-09-25,60
3823,5,22827926400,2024-09-22,80
9329,10,54046930497,2024-12-12,120
6972,10,65231361091,2023-09-20,80
4049,6,69920115949,2024-02-25,70
9970,14,21349648461,2024-07-07,80
4786,3,56602264019,2023-01-31,50
5087,4,26845558944,2023-02-04,50
7043,3,95417976109,2023-04-12,90
3543,13,34271453477,2023-08-20,60
6271,15,80632785868,2024-05-12,50
5724,12,92197961059,2023-10-27,70
9605,9,29509915802,2023-09-13,100
4297,5,87698783275,2023-01-25,50
9911,1,56237827813,2023-09-16,100
5214,5,70918484734,2024-04-17,90
4627,1,76643758397,2023-02-19,60
6580,13,80482211671,2024-06-16,50
7447,12,29824114857,2024-07-29,120
7171,11,40405665837,2023-09-18,90
3917,4,86764797943,2024-12-31,70
9677,6,77392902696,2023-04-20,100
7340,3,93044551868,2024-02-01,100
6002,13,81934484135,2023-10-10,70
5512,8,44309096116,2024-03-24,100
6404,14,67644522485,2024-08-10,70
8512,5,59314677542,2024-10-10,90
7547,14,88926937997,2024-12-08,100
4020,2,37684327760,2023-03-13,50
4428,12,44593391493,2023-11-24,50
6579,10,87475811791,2023-05-05,100
9516,1,43780303088,2023-03-24,90
8165,3,55796254804,2024-03-01,120
4911,7,42380219423,2024-01-03,100
5538,1,09039386671,2024-02-08,70
9269,13,11985921409,2024-08-06,90
9503,2,77712190891,2024-08-28,50
3144,8,84932131640,2024-01-22,80
3853,9,62485685877,2023-04-24,80
9571,6,88723292505,2024-10-15,90
9108,15,91475343456,2024-02-28,50
4163,2,68593216507,2024-09-21,120
9598,11,33988973754,2024-08-01,80
9736,9,79932092520,2024-04-24,70
5519,12,07766220125,2024-04-01,50
7133,9,60152817116,2023-03-10,120
6719,4,10963548069,2024-12-22,80
5697,14,33635260666,2023-07-22,120
9575,6,23358739947,2024-02-07,70
7488,13,83255903693,2024-10-28,70
3412,9,18968566161,2023-07-21,80
4424,10,53247361669,2024-11-05,80
4629,6,66561020667,2024-10-26,100
7539,1,95153301307,2023-01-07,70
8795,6,89078957063,2023-07-11,100
8085,8,44151114247,2024-02-03,60
4973,6,60601725403,2023-11-09,60
7684,14,84126000206,2023-05-25,60
8659,10,06172690965,2024-10-12,100
9879,7,59595826005,2023-11-27,60
6739,8,25599673438,2024-10-23,70
9461,2,33404191793,2024-06-01,50
8808,7,53439344340,2023-07-11,120
4117,10,55015828264,2024-06-26,80
6646,1,27532065293,2024-05-08,100
4219,13,44585432455,2024-11-13,80
9567,9,78573871634,2024-08-27,70
3211,10,55954875577,2023-04-15,120
7000,14,12994860986,2023-11-13,70
9304,4,71919826360,2024-09-22,70
7093,2,45694466484,2023-09-16,100
8021,13,32995778235,2023-04-02,90
3575,13,82443809221,2023-03-01,50
3455,15,78589228440,2024-01-15,50
7897,9,77859904871,2023-05-02,80
3486,12,50403121595,2024-10-13,120
6689,5,81112824834,2023-07-28,50
9328,14,16786646139,2024-04-10,120
7234,7,61385770403,2023-09-23,120
9903,12,47690752921,2024-01-05,60
5488,14,67658563806,2024-09-27,70
7628,2,85102387964,2024-03-29,120
3743,15,99345551238,2023-01-28,90
5520,14,27402029575,2023-10-02,100
6037,13,26122455510,2024-11-20,100
9384,11,73660271681,2024-10-12,100
4518,6,24548098778,2024-12-19,50
6701,12,18174107972,2024-07-29,80
5532,5,44602919047,2024-08-17,100
3022,7,35892823013,2023-06-12,80
7796,9,47863495563,2024-09-21,60
8184,15,02666537890,2024-08-23,60
4800,12,96261249145,2024-12-16,80
5694,3,38880856168,2024-03-13,50
6203,5,13709262725,2023-08-02,50
5783,15,03235004554,2024-11-09,100
9402,4,90531998969,2024-06-21,80
5250,6,54904465536,2024-07-29,60
4149,14,38807311620,2024-12-01,80
7147,7,37825326947,2023-02-07,120
6940,12,18078877182,2024-12-01,90
6269,3,65504850759,2024-05-10,50
4142,5,75296623792,2024-11-28,90
4649,10,05518657747,2023-06-25,60
5097,8,13877866699,2024-05-16,120
4920,9,37219324778,2023-04-28,60
5910,1,84362302698,2023-02-21,60
7972,2,86974016122,2024-11-08,50
4603,4,02832616757,2024-06-15,60
5803,4,59247038223,2023-12-24,50
4203,14,46348717291,2023-09-13,70
3402,4,34916740457,2023-03-17,100
6709,11,02168845202,2024-10-19,50
9661,10,99685414476,2024-03-30,90
8016,15,70532286955,2023-02-15,120
4376,9,25834825328,2023-12-03,50
6762,12,41040543995,2023-08-30,120
9990,1,79088845408,2023-09-20,100
5137,6,38415241120,2024-09-01,60
6365,1,66579953890,2024-06-14,90
3351,1,89191619305,2024-12-12,80
3247,9,21243996887,2024-03-09,80
8636,8,79687624604,2024-05-16,120
7051,7,39404959287,2024-01-29,120
8109,2,54001273875,2023-01-04,80
9496,15,78631018223,2024-12-30,100
6651,8,81798723414,2023-07-16,80
5300,8,21360613065,2023-03-21,60
6319,9,47430723633,2023-08-02,120
8911,12,77934932443,2024-05-12,70
6762,9,71100506120,2024-03-07,100
8460,10,52110526789,2023-12-10,60
9372,4,51334251120,2024-06-09,120
9451,5,86310866653,2024-05-14,80
5138,15,81751158555,2024-12-13,50
5310,8,90201137175,2023-11-17,50
8980,13,00319098038,2024-02-26,120
6513,11,71958499466,2023-06-06,90
5538,13,35490604512,2024-05-21,100
3916,14,66826150031,2024-03-11,80
7638,2,70341274717,2023-08-05,100
9041,11,03623742403,2024-12-26,100
5223,13,68860566001,2024-03-08,50
9287,7,54256006905,2023-09-12,70
3985,13,20588842237,2024-10-08,50
9882,15,70566997064,2023-10-16,80
7347,10,08846510088,2023-02-19,60
3801,2,05391690870,2023-11-08,50
6899,8,13655952432,2023-04-05,90
7190,3,94312334382,2023-08-20,90
7269,1,72734541718,2023-06-10,70
8144,13,69204563426,2024-08-14,80
4972,3,40252447892,2023-05-22,100
7106,7,14240128451,2024-03-30,70
9458,7,59184525596,2023-05-16,70
6037,7,42305461476,2024-06-02,100
8899,4,62835641531,2024-10-07,100
5564,4,02395201365,2023-06-13,120
6077,11,90539620874,2024-05-13,120
4516,1,54082604549,2023-07-24,50
3510,3,28762822057,2024-01-28,100
8344,4,06159609473,2023-09-22,70
7544,3,27132251002,2024-11-10,70
4124,4,09327755751,2024-07-29,100
7838,7,04846795569,2024-12-19,80
9202,5,17354871308,2023-04-29,50
6844,13,15345182216,2024-12-14,90
4685,13,31440987244,2023-06-27,70
8124,7,44674907685,2024-02-22,50
3340,11,60378393427,2023-03-05,60
3386,6,27042220484,2023-01-04,120
3524,3,90973330686,2024-05-31,50
9517,15,16575598018,2024-05-02,50
5413,5,20118057093,2024-02-12,50
7493,1,69647363235,2023-06-09,80
8736,5,63275858895,2024-06-15,70
3192,5,38008326835,2023-12-16,50
4417,9,99241231001,2023-02-22,100
9893,4,84529858716,2024-07-24,70
6031,1,79236167563,2023-05-22,70
3273,10,94832553389,2024-09-22,70
3773,8,09870380080,2023-06-27,60
6142,5,51607402763,2023-05-27,80
8462,4,90397303193,2023-02-02,60
9729,14,94277071357,2023-04-10,70
7112,4,13988597289,2024-10-14,80
7616,1,94449485305,2023-09-23,50
7542,15,00041139986,2024-05-07,120
6662,6,14407457560,2023-07-10,120
9375,7,78404397435,2024-11-02,80
7615,9,95264549146,2023-12-04,80
9826,8,73462680002,2023-03-27,70
8321,13,58169625102,2024-08-03,120
4062,11,39441601471,2023-05-06,90
6581,12,52774490542,2024-05-15,80
3103,2,70819761926,2023-10-02,120
4871,9,76114336862,2024-07-21,100
9417,6,03806051617,2023-11-25,120
4153,14,80600789089,2024-10-09,120
8426,1,23824381417,2023-08-28,90
4391,3,20709016071,2023-03-05,100
4556,15,09507737461,2024-01-26,60
9544,12,54536664929,2024-06-28,50
4279,7,96821226466,2023-12-10,70
7026,6,29269195691,2023-11-07,90
6022,14,33914202872,2024-10-12,70
7374,8,00299166268,2024-04-02,80
3874,7,59256793196,2023-11-22,80
8366,14,64262950710,2023-01-30,100
4350,14,74199718067,2024-07-22,100
5945,14,45490429078,2023-07-14,120
8980,4,42320906333,2023-02-19,60
7130,11,36513575336,2023-08-03,50
8049,14,67964957839,2024-01-27,70
8398,7,89523332560,2023-04-13,90
6182,2,96679932990,2024-05-24,70
5258,9,93320963227,2023-09-26,50
4201,6,37301985884,2024-04-12,60
9645,8,79319546134,2024-05-20,120
6288,4,03155664258,2024-08-29,50
6930,11,59680201795,2023-05-23,80
6984,2,43073064758,2024-06-14,70
4378,11,65595308854,2023-05-17,70
7744,8,68304320096,2023-12-29,60
4575,12,76868004424,2023-06-25,100
5941,1,73571585162,2024-08-09,120
4023,5,43660327535,2024-04-29,120
5817,6,95099781952,2023-02-21,100
4929,2,71740468957,2023-10-28,50
3690,15,14211456457,2024-11-17,100
7414,11,37536770913,2023-03-23,50
9990,12,44879605532,2024-04-08,60
9267,15,86926266640,2024-11-26,60
7086,9,98464928299,2024-01-17,90
3004,14,28145090989,2024-06-30,50
8024,14,96344200968,2023-05-01,70
9909,7,41939891075,2023-02-22,100
8960,12,33049392105,2023-11-12,70
6002,10,84103157775,2024-12-31,80
4313,9,17062186987,2023-12-07,80
5654,9,83685023999,2023-03-15,50
5353,5,57595000501,2024-08-04,120
7208,11,51920596945,2023-11-12,50
6575,1,19047963099,2023-04-23,80
5480,11,36478810365,2023-07-30,120
4165,2,64679431172,2024-07-31,70
4353,5,56609268754,2024-09-20,70
4762,9,23926821121,2023-01-30,60
4345,7,48359967594,2024-11-19,100
9516,12,24827295973,2023-06-07,90
4280,5,79093244886,2024-05-08,80
5615,1,32311112133,2023-08-31,120
7587,10,75877269990,2023-03-18,100
7180,11,00588703274,2024-07-07,80
9914,14,75219005411,2023-07-03,70
7106,3,62235829933,2023-02-23,70
8830,14,08789891333,2024-03-25,90
9401,5,57826088632,2023-09-15,80
9914,4,58479026508,2024-08-25,120
5034,4,04166585253,2023-12-09,60
6219,13,52161628905,2023-12-06,80
7275,1,22544771398,2023-09-08,60
8071,13,22868742225,2024-07-17,90
4674,10,49418407623,2024-10-23,100
4052,13,66714347780,2023-03-06,100
5964,4,86332607080,2024-03-21,70
8333,10,88397962016,2024-01-16,100
5442,14,02023823319,2024-03-11,100
9519,14,95831466076,2024-08-29,120
4355,8,32152351074,2023-08-12,100
6281,15,08138543595,2024-02-16,100
3629,6,13099623602,2024-08-27,50
8674,4,79966646355,2024-11-24,90
3623,2,15362729370,2024-01-08,50
4623,6,48839234449,2023-07-16,100
6469,14,67726856319,2023-12-03,90
6642,10,58263525395,2023-01-28,70
6662,7,55430075219,2024-08-05,60
8592,14,06748479121,2023-12-14,120
3815,7,99253680806,2023-02-27,100
8847,3,85324010784,2024-02-21,60
5585,5,44468868010,2023-06-22,50
3020,15,43730201773,2023-06-05,50
5141,6,97641076250,2024-11-27,120
8166,2,22759848420,2023-03-19,50
5641,4,62558281171,2023-03-30,90
9351,11,03357220149,2024-06-08,80
5099,1,36158959746,2024-09-29,80
4366,9,13294768225,2024-07-05,90
5979,2,71407973194,2023-11-29,100
9641,3,54703750122,2024-03-10,100
5482,13,97536517214,2023-12-15,90
8832,13,32618716305,2024-06-02,50
9978,12,43055135072,2024-07-05,120
5397,7,13124496909,2023-03-19,60
6227,3,16755175760,2023-01-05,90
6936,8,50344311778,2024-05-23,120
5059,11,90630519279,2024-07-25,120
8384,4,33167225377,2024-07-06,100
5467,3,42755456064,2023-04-12,50
6563,1,68493468345,2024-04-06,60
6503,11,82121999763,2024-09-23,120
8603,13,22153403027,2023-02-23,60
3230,1,89694114650,2023-05-18,50
9345,9,80262176352,2024-11-10,90
5970,3,26959088533,2023-08-04,50
8256,3,90394986069,2023-11-22,120
5076,15,49302216754,2024-09-28,80
8221,11,73895474925,2023-02-07,90
4391,7,14220758091,2023-12-21,70
9411,4,22068106876,2023-03-24,70
8703,14,51570569577,2024-11-26,90
8188,13,64136761788,2024-07-08,90
4813,1,32042294706,2023-06-20,80
4256,1,03714790253,2024-02-19,60
5081,5,75121811404,2023-07-12,70
5415,10,36452191063,2023-05-19,120
4369,8,16987528785,2023-01-23,70
5865,7,00842504845,2024-11-10,50
5770,3,06676206028,2024-08-02,100
9768,8,18442792032,2023-08-11,100
3081,12,12887731916,2023-07-12,120
7666,3,90114133932,2024-11-09,70
5988,4,72768038269,2024-12-20,60
4628,8,92117748541,2023-06-29,60
4117,12,68310385840,2024-03-27,100
5019,14,17747652485,2023-01-08,80
4475,1,51104240506,2023-11-02,80
6756,6,60783314274,2024-09-03,100
4929,2,00264533318,2024-07-23,50
6704,15,41772838120,2023-11-15,50
9824,12,56975222921,2024-03-12,70
7863,8,81532808953,2024-03-27,80
3635,15,56814382641,2024-09-18,120
6862,10,01097413426,2023-02-24,50
3514,11,65318439217,2023-09-04,100
3306,2,31437505641,2024-06-19,70
9234,12,27366153977,2023-06-05,100
3032,11,83454211168,2023-02-19,80
5727,5,21142806519,2023-05-07,90
8296,3,31397472174,2023-09-03,90
7555,4,59326681291,2024-12-01,80
3496,4,18906817318,2023-03-17,90
4785,2,82387670008,2024-09-19,60
5830,8,08877280939,2024-06-21,100
4754,8,82093646860,2024-12-10,80
6813,4,18519439323,2023-08-23,50
9952,4,14289376562,2024-04-20,120
9743,13,56041689944,2023-06-12,80
5198,4,80931467710,2024-12-29,120
3921,11,23397356844,2024-06-19,80
8585,11,34640120047,2024-12-25,60
7503,12,67082286564,2024-01-06,50
9128,11,61954133160,2023-11-05,50
6356,12,91145408779,2023-06-24,120
8113,10,08717257269,2024-08-17,90
7552,8,30374307257,2024-10-26,60
9746,2,91483123903,2024-03-31,90
4829,15,49741153891,2023-04-22,120
3477,6,48058439872,2023-03-03,60
6389,1,16570137650,2023-11-13,80
8360,7,98692467996,2024-10-24,50
3128,9,90945602797,2023-02-21,100
3831,13,54398777921,2023-06-21,80
4887,5,12687050483,2024-01-01,120
4143,11,08481504176,2024-11-05,120
7814,6,71914431269,2024-04-07,80
3128,1,39600040361,2024-07-11,90
6130,9,78044120924,2024-08-14,90
7622,1,77187859723,2023-09-02,50
6884,2,75842805796,2023-12-21,50
8002,1,01302264742,2023-05-30,80
8913,14,35978006548,2023-07-27,80
4174,12,56816416607,2023-02-04,50
4983,2,00657734790,2024-03-26,100
8202,11,33385233986,2023-11-16,60
4179,9,21081599572,2024-06-02,120
6124,15,35325563940,2023-10-19,120
9043,8,20000747474,2023-03-01,120
7192,13,72470308806,2023-07-09,120
6972,7,63439984346,2023-03-14,90
3253,9,67832563767,2024-06-27,70
4252,8,92551017488,2023-03-04,80
6564,6,55906654636,2023-04-05,80
7732,9,23136961690,2023-01-25,60
7546,8,37078618273,2023-11-12,70
3296,9,50981604777,2023-01-13,70
8448,4,09532537518,2024-05-12,50
9901,2,74856269333,2024-09-19,60
7626,15,02742710886,2023-07-29,80
3517,2,77346999593,2024-06-12,80
3082,14,49111349934,2024-07-19,70
8182,12,88069567716,2023-04-09,50
8374,5,73262579838,2024-10-27,120
5243,11,75139432791,2024-03-18,70
6943,1,15684510507,2024-07-03,60
9899,14,87771857589,2024-04-03,100
7386,12,21527440267,2023-02-17,100
4274,9,47262683226,2023-06-29,60
8455,10,20607823615,2023-05-23,50
7337,9,95836934941,2024-10-03,90
7360,2,72278888131,2024-12-05,80
5200,13,87361172468,2024-02-11,60
4013,3,33472480072,2024-01-17,100
9464,4,63831294771,2024-08-11,120
4604,8,05847335950,2024-06-28,90
5236,3,27263490281,2023-03-22,90
4921,3,85178521758,2024-12-18,50
5220,9,96021080420,2023-12-09,80
8446,1,35844591825,2024-10-02,80
6538,10,78328410742,2024-07-20,120
9112,3,66309835649,2024-11-29,50
7183,2,43269432262,2024-01-14,120
6190,1,95625917415,2024-11-09,50
5526,3,48913102842,2024-10-17,120
8557,8,48694020781,2024-01-21,50
9896,1,13881173125,2024-02-06,120
9008,2,92209002102,2024-12-10,120
9312,5,61994449679,2023-12-26,80
5366,6,46849076502,2024-11-18,80
8832,15,39081086025,2024-10-16,50
8658,5,28717217828,2023-09-21,80
8015,3,11910617308,2024-11-04,120
3096,11,18049226024,2023-11-29,60
5055,14,13863092083,2024-10-21,70
6594,1,17137986934,2024-10-10,100
5074,10,67824703022,2024-12-09,70
6007,15,91328098949,2024-05-22,120
5897,7,47395045452,2024-02-05,50
4738,14,45924146680,2023-11-21,60
8498,7,67863616145,2023-04-22,90
4192,2,65838538508,2024-09-02,80
6565,5,03351152024,2023-01-02,70
9240,15,51908944086,2023-11-14,80
5481,15,13995450650,2024-01-18,50
5178,2,08015790024,2023-08-18,80
5525,1,41294785406,2023-08-28,90
8283,2,52648634041,2024-03-30,120
5873,4,49645781465,2024-07-21,80
8776,5,30203354984,2024-11-11,100
7623,12,45272489999,2024-01-02,60
9340,2,26738179515,2023-08-07,100
6953,5,75722899401,2024-04-13,120
6577,11,44743851972,2024-07-09,50
7071,4,12942825950,2023-09-24,80
3024,8,33353679112,2024-03-09,120
5546,15,54463650956,2024-02-07,70
7280,8,54314909869,2024-03-02,50
4093,2,46020324072,2023-07-22,70
7059,7,15235491190,2023-11-26,90
5004,12,38148727037,2023-05-14,80
3491,4,98435551441,2023-08-03,100
7284,11,90791204930,2023-01-31,120
4219,7,41815417191,2023-10-25,70
6865,15,18452279873,2024-11-20,60
6437,10,45093348171,2023-01-11,100
6366,1,00406516576,2024-11-20,70
8385,13,90508276434,2024-09-14,120
5501,10,64571402889,2023-07-08,120
5283,2,63599854327,2023-01-31,80
6311,6,47764598084,2023-10-06,120
9854,1,39823726124,2024-02-15,60
8943,15,40770435503,2023-03-28,90
8815,10,50468101212,2024-09-13,50
3986,5,46908840101,2023-03-19,80
6584,8,54713447966,2023-02-25,90
5542,4,43336209616,2023-08-16,100
4635,9,04324293023,2024-03-12,120
7663,2,50527965902,2024-08-17,80
9097,5,41140770212,2024-10-10,90
4383,14,22509617609,2024-06-09,70
8081,13,19557720520,2023-05-30,50
8162,7,46090513537,2023-06-03,50
4488,2,58913790824,2023-06-13,70
5419,12,52205247990,2023-05-04,50
6603,6,45246965904,2023-04-14,60
6896,12,91693158837,2023-11-16,50
3471,13,24683414114,2023-04-11,90
5505,6,82288282760,2023-11-14,70
6413,7,45099729055,2024-11-11,120
3049,1,55213868058,2024-12-13,100
5187,2,43923626766,2024-10-17,80
9924,14,00239658859,2023-06-02,120
6165,9,12686196182,2024-09-22,90
8488,8,10721464298,2023-12-28,90
9869,5,09352792004,2024-06-25,120
9068,5,04511324063,2023-04-23,50
7618,13,58159069533,2024-11-18,90
7349,7,52163276697,2023-01-27,50
6647,9,86614407686,2024-03-22,120
8663,9,99740846314,2024-03-30,70
6180,10,87407055258,2023-04-11,80
7439,9,54390751095,2024-06-22,60
7641,9,67297329560,2023-05-10,120
8529,4,34559855718,2023-12-02,90
5172,3,93158591622,2023-11-30,100
3096,7,88806059620,2023-11-12,60
9809,15,82258470497,2023-02-14,100
7362,15,63495231910,2023-01-22,120
5453,2,04403009149,2023-12-25,100
7633,2,60864343739,2023-01-22,100
6870,3,46200711096,2023-03-06,50
9042,14,44941643284,2024-10-04,80
4760,7,23088892782,2023-04-07,120
6825,1,44156432618,2023-08-25,70
3011,10,63205703878,2024-03-25,120
3216,12,25699574688,2023-05-05,100
6611,1,43970530803,2023-09-10,90
9382,13,62151492928,2023-12-08,100
9566,1,45721367089,2023-12-04,70
4324,10,95906499593,2024-03-04,50
8992,1,33488293253,2024-05-30,120
6645,9,45795322103,2024-12-13,90
3354,10,46767415964,2024-06-01,120
7603,15,10171138897,2024-02-22,50
4495,6,38022257992,2023-10-01,90
7464,14,77210365219,2023-02-16,90
9014,3,04582491766,2024-03-13,100
9747,3,06374532772,2023-11-12,100
9870,5,02040227124,2023-04-06,120
3447,8,95245803461,2023-10-14,60
4600,3,19426775529,2023-12-07,60
6977,7,90307210329,2024-10-07,90
4909,12,89076477422,2024-07-15,90
6122,14,73858943371,2024-11-25,120
6855,5,13467504366,2024-02-14,90
8049,12,48599520375,2024-08-31,100
6612,9,56986095892,2024-12-31,120
9508,4,15706939822,2024-12-24,100
6051,8,75473371504,2024-02-20,100
4788,2,34098567117,2024-01-19,80
3111,3,63301193698,2024-10-13,80
4192,9,31252887430,2024-09-29,60
7427,8,24425459580,2024-11-23,60
3285,5,36330042943,2023-06-18,100
4019,1,15771959593,2023-05-29,80
4490,8,71365753548,2024-01-08,90
6726,8,96136710268,2024-12-14,80
4234,15,39933247291,2024-07-25,100
8401,1,39072126413,2023-04-25,100
7752,2,93481552261,2023-02-02,120
9146,4,45068952216,2024-11-15,50
5338,3,38828481082,2024-01-11,120
6885,3,09643837641,2024-06-04,50
6479,8,59011550296,2023-02-23,100
6418,3,09799534695,2023-04-12,50
3216,7,82777362829,2024-12-24,60
9004,4,01110445263,2024-05-01,90
9794,14,63841452694,2024-05-26,100
5364,4,77969241332,2024-03-29,70
6255,9,58291776262,2024-02-27,70
5088,11,91495318539,2023-02-05,60
5698,1,77809274653,2024-07-02,80
6363,15,72582464431,2023-05-23,70
9396,5,44834758102,2024-05-04,60
4117,7,73006213981,2023-10-19,90
5208,2,96330482608,2024-05-14,70
3870,4,27938462866,2024-02-04,60
9938,9,05721229721,2024-07-16,120
6994,9,88688116118,2024-11-30,90
4609,4,51908329298,2023-10-07,60
5785,4,21131651262,2023-09-19,60
7142,2,85058409799,2024-07-01,60
9183,5,15236053527,2024-11-09,80
3547,13,27147657215,2023-11-07,90
9426,3,83007618719,2023-12-26,120
9616,8,79470901124,2023-05-14,70
3869,14,00722517129,2024-02-05,60
5848,6,19212653122,2024-06-05,50
8496,7,96237669203,2023-12-16,80
6896,12,97954495338,2023-01-26,60
9219,5,43257291842,2023-09-20,80
4997,1,56470952941,2023-02-09,90
8464,15,33982502431,2023-11-22,80
6688,3,62072666321,2023-08-26,100
5164,12,62176133116,2023-07-02,50
8595,4,81183379991,2023-11-03,60
8385,15,68467055407,2024-05-02,60
4568,12,34667856334,2024-01-07,90
8712,6,13439552592,2024-08-18,70
3711,2,88392741594,2024-06-09,120
8235,12,52928328476,2024-03-15,80
7524,2,99914447822,2024-09-08,80
3793,8,39168761682,2024-06-19,90
5472,13,60142262131,2023-01-09,90
4569,4,19572069224,2024-02-15,60
8839,7,05183339697,2024-08-12,100
5754,12,25442000564,2023-12-26,50
4590,8,52784810701,2024-09-01,50
7978,5,21737283816,2024-01-21,90
3788,5,62563025285,2023-08-11,80
3713,2,25960645170,2023-03-12,60
5742,7,95593333718,2023-04-22,100
6718,2,18502713231,2024-06-15,50
4072,3,55706514272,2024-08-14,80
6438,10,77226541792,2023-09-07,60
9539,11,96884797834,2023-03-03,70
7016,11,56527944769,2023-12-14,70
4553,1,46085591479,2023-02-08,80
3363,5,60683350554,2023-02-02,90
8066,6,37477467822,2024-08-05,80
4301,1,80614429262,2023-03-30,60
3812,8,75486178545,2023-04-30,100
8756,3,75368285493,2023-07-04,50
4679,3,69371264549,2024-12-09,70
8332,1,17364484107,2024-08-27,60
6804,8,58130777444,2023-06-22,100
5010,4,83565620003,2023-01-10,90
5075,14,88728666995,2024-12-14,70
8424,5,43085270096,2023-06-14,90
4714,3,94676950574,2023-03-27,80
7913,6,14432702147,2023-01-13,80
8284,6,40239694415,2024-09-06,50
7234,9,88119877951,2023-07-06,50
3764,13,62317172586,2024-09-30,100
7471,7,27757891729,2024-07-10,50
5971,14,28672826289,2024-09-22,90
6001,9,45991397311,2023-09-27,70
6132,13,99122064781,2023-06-01,70
4477,10,06975365601,2023-06-22,100
5281,4,23803711956,2023-09-06,60
9254,15,19513135322,2023-07-23,70
3322,2,69144863578,2023-08-14,50
7726,4,93062646062,2023-04-03,100
8792,6,26766988402,2023-06-05,70
3531,3,87139734155,2023-07-11,70
3465,2,81622960195,2023-10-10,80
7155,15,56844995928,2023-02-04,120
9418,13,12692267050,2023-01-23,90
9424,13,86014547713,2024-08-05,60
5896,9,14252463109,2023-04-11,80
4886,14,25296327980,2024-10-01,50
7447,10,10338936046,2024-12-14,50
5546,11,23640859738,2023-07-03,80
7618,3,91306217430,2023-10-01,100
4543,1,29416042430,2023-11-29,120
6465,11,81580516731,2023-02-11,90
4835,15,11785507684,2023-03-25,90
6503,7,78968711560,2023-09-17,90
9873,1,62574699870,2024-06-05,50
8284,13,52575148513,2023-03-31,100
4978,13,93156688526,2024-12-01,60
5325,14,53467170133,2023-03-31,100
4338,4,79127429227,2024-04-03,100
5216,12,09949424906,2023-03-13,50
4705,10,82534965479,2024-02-02,50
5312,1,59661298316,2023-01-08,90
8491,10,39013111692,2024-01-03,90
7325,6,52319906458,2024-11-18,60
8949,6,66460783600,2023-06-28,50
6046,7,48150795240,2023-04-19,60
4012,1,64358062641,2023-05-18,80
5493,12,80001503384,2023-11-11,120
6657,3,58809349706,2024-11-06,120
5948,11,28235789092,2023-02-24,80
8539,5,84785789665,2024-08-06,80
7900,9,21033867626,2023-12-16,120
7520,2,77456678985,2023-09-22,50
6575,7,41256780593,2023-08-14,50
5083,9,60935727843,2023-02-22,70
3449,11,81760866620,2023-11-11,50
3170,11,89097708900,2024-07-21,80
7503,7,10789490818,2024-02-28,100
3163,1,89216741697,2024-07-17,100
8509,1,85533971155,2024-09-11,60
7387,13,44071807347,2023-07-27,50
7512,13,56655155443,2023-11-24,50
7510,9,43859791406,2023-09-30,120
8006,1,28444907267,2024-10-25,80
3699,3,28252433201,2024-03-13,50
6234,6,27518396701,2023-01-23,90
8917,12,96181195950,2023-02-12,60
4113,2,79174962011,2024-09-07,90
7654,5,74346609640,2023-05-29,60
9390,14,03261876340,2023-03-07,120
4759,1,38665608698,2023-11-25,70
6098,8,00440137649,2023-08-10,70
7414,15,82077502143,2023-09-24,100
4738,6,88327040267,2024-06-27,90
4761,4,17353003640,2024-01-08,70
4436,6,61192618906,2023-05-18,50
3618,3,89575406317,2023-03-07,50
3033,7,79261867176,2024-07-22,120
5386,10,51377313745,2023-01-04,90
7866,4,55609172230,2024-11-10,70
4552,3,01891969868,2024-07-31,70
6299,4,43015379467,2023-09-25,90
7728,3,78735723083,2023-08-19,70
3938,14,66973108219,2023-06-03,60
8922,14,68118485453,2023-11-28,60
7527,1,79099004106,2023-07-30,50
8900,13,15137190976,2023-03-27,80
7832,2,93031441665,2024-12-04,120
6715,15,91010760922,2024-03-19,60
8915,1,52074756279,2023-05-07,100
4117,5,64056220384,2023-10-13,70
6785,5,01726814516,2023-09-19,100
8834,14,42895088334,2024-02-15,70
8918,11,73375905060,2023-09-18,50
8171,11,35315530092,2024-11-09,50
9041,4,80431452485,2023-12-27,60
9697,8,77432828465,2024-06-27,50
6036,1,67409961351,2023-03-23,70
8996,6,81844105653,2023-11-27,50
7675,3,56651240231,2023-07-15,90
6774,5,20187149751,2024-07-10,60
5196,9,02830078926,2023-07-02,70
8138,6,85947828481,2023-05-01,90
7302,11,69366803820,2024-09-18,90
6072,4,16871652181,2023-01-11,120
3552,12,59588949306,2023-04-26,70
9036,5,47342715787,2023-06-16,60
4444,6,52005668890,2024-02-08,50
8231,4,88158675069,2024-04-04,60
7917,13,20956243963,2023-05-19,100
6301,3,59757777045,2024-09-03,50
8747,13,38041523815,2023-04-25,70
3967,12,48487511486,2023-05-15,80
7180,14,98527603255,2024-10-19,120
7059,7,07330942054,2023-10-05,60
7155,3,65150790045,2024-12-27,70
6708,6,87216096216,2024-08-22,120
5708,7,50801287570,2023-12-27,100
4332,11,92614839911,2023-12-22,80
3981,13,68942365978,2024-05-08,120
4882,3,82041724142,2023-06-09,50
9777,7,56765746344,2023-10-03,60
9969,9,53104819047,2024-05-03,100
5806,8,82570825074,2024-07-07,50
5130,6,71385873292,2023-07-28,70
8916,6,25802752406,2024-10-20,90
5894,14,42940674361,2023-10-14,60
9825,14,90274479594,2024-11-28,80
6241,12,27478626053,2023-11-17,80
9242,5,03811748212,2023-06-01,70
7712,2,39541006504,2024-09-25,100
3104,1,23194809128,2024-05-23,80
6858,14,80462823829,2024-05-03,80
4627,13,38050735385,2023-10-07,80
4234,3,75465051147,2023-03-18,100
9374,14,01861333801,2023-02-18,60
7561,7,12694249042,2023-04-02,100
6394,15,17857998015,2023-02-15,60
9725,6,81539862226,2024-11-12,90
3395,9,16307677753,2024-09-04,70
7150,12,62979540302,2023-07-28,50
8333,15,87370663297,2024-05-15,50
7965,13,56124030953,2024-01-19,70
9419,11,62825711522,2024-07-15,80
9034,9,08500508754,2024-05-21,90
7321,2,59727000860,2023-07-24,70
4343,1,54330577542,2023-01-04,60
4339,5,63458628261,2023-04-15,60
4945,2,37119370399,2024-08-01,80
3910,5,03404406695,2023-12-21,50
7415,6,65411224739,2023-03-06,100
3652,1,70650788875,2024-05-31,70
7969,3,54632337965,2023-01-24,120
9087,1,37155921551,2023-06-22,90
9665,1,68811293757,2024-10-15,60
9329,8,00185912412,2023-08-19,90
7975,11,78920319586,2023-12-23,50
5378,14,93596625143,2023-01-09,70
5057,2,54700171915,2024-08-15,100
9946,11,21861127217,2024-05-13,100
9059,4,51405227686,2023-05-18,70
5943,14,58436248591,2024-08-08,70
5794,5,24751015376,2023-05-20,80
4077,7,26310635099,2023-05-28,70
9202,2,10891639757,2023-09-24,50
7875,9,36792160556,2023-11-27,90
3425,12,41511525726,2024-09-02,50
8261,11,01346657865,2023-02-26,120
5636,8,68067755525,2023-06-26,120
7409,3,07167900842,2023-12-19,70
6601,9,49484003097,2024-07-31,60
3116,4,51969820546,2023-12-29,80
8502,8,87974810760,2023-06-26,80
4483,10,75684114488,2024-02-12,50
8197,9,03618250203,2023-11-08,70
7233,14,17177576339,2023-11-02,60
8597,2,99333370572,2024-07-26,120
3358,9,77345848740,2024-11-09,50
3406,5,37238030137,2024-08-08,50
9944,13,64226123576,2024-04-28,80
6310,7,32035336492,2023-02-04,90
8490,9,82136312586,2024-01-24,50
3416,1,28516743502,2024-05-02,70
6685,5,12716533231,2024-06-30,100
7292,10,84478184636,2023-02-19,50
8353,4,27621638135,2023-06-25,120
5336,12,41152303616,2023-08-28,120
9729,10,99069592196,2024-02-08,50
7306,9,33340577343,2023-11-01,50
9781,5,95881877812,2024-12-11,50
7953,7,46000102925,2024-10-03,60
3034,6,63116895352,2023-04-24,100
3272,6,61724135405,2023-07-08,60
9342,9,32046580771,2024-05-21,60
8612,9,43983146015,2024-03-06,120
9840,3,08807246863,2024-03-30,70
4831,12,38201633743,2023-12-14,60
5029,9,43390407816,2024-05-23,90
4945,2,44748591921,2024-09-25,50
6617,12,59912414524,2023-03-11,50
5734,7,05847429077,2024-05-21,60
7673,2,08829272323,2023-12-30,100
7996,9,64601447233,2023-10-08,60
9801,1,68839140997,2023-03-10,90
7808,7,22103684208,2023-08-23,60
9783,2,10887964319,2024-03-27,60
9637,14,12641785267,2023-09-09,90
4331,1,83297112273,2024-11-08,60
3178,3,58872812092,2024-03-03,100
3737,14,50265230230,2024-01-08,80
6766,13,50583430807,2024-08-30,60
4816,4,58042096193,2024-05-21,70
6510,2,78795768534,2024-03-22,100
3090,12,72646762100,2024-07-12,100
7110,6,94266009637,2023-01-22,50
3236,10,25860060443,2023-09-22,90
7363,2,33867318380,2023-03-09,100
8025,4,15168364779,2023-08-12,80
5465,15,98720894374,2024-04-19,90
8228,12,68429873241,2023-11-21,80
9712,6,94986679807,2024-08-25,80
8517,8,31804967608,2024-09-23,70
7430,11,65512399155,2023-07-10,70
9659,3,41048570947,2023-10-18,60
4485,4,30287645344,2023-05-30,80
7662,15,95551397057,2023-11-22,80
8408,9,23468700194,2024-03-01,70
8913,5,93932846723,2023-12-07,50
9618,11,09188049585,2024-07-07,120
4593,3,10482996440,2024-03-24,90
6430,7,50989994379,2024-11-05,80
8920,4,29481014904,2024-02-01,70
8181,7,98874677904,2023-03-26,120
6159,4,19659891389,2024-10-25,80
5549,1,76844059670,2023-08-14,50
8738,8,63147512991,2023-04-01,100
4201,6,08614232934,2023-05-01,50
7135,5,08397427776,2023-12-08,80
4159,13,63535919702,2024-02-12,60
8646,1,39376483338,2024-05-30,80
7763,12,06950462280,2024-02-25,90
4986,5,19725161134,2023-04-21,50
7304,7,66994384956,2024-10-11,120
6569,14,43853511460,2023-02-08,90
3430,14,78456306433,2023-05-18,100
4624,12,25536253331,2023-05-11,100
5490,6,03781301668,2023-04-23,70
4938,12,55642546637,2023-12-23,120
7962,6,03710868524,2024-02-23,90
3023,1,61777506560,2023-01-06,80
4132,14,05440733448,2023-04-10,120
9460,14,07107790170,2023-03-10,60
7543,2,05113156607,2023-07-27,80
4116,15,45000393425,2023-07-03,90
8102,7,08610240107,2024-12-17,80
3803,9,43911300712,2023-07-10,50
7491,2,40244142232,2024-01-16,60
3228,2,11308378390,2023-03-02,120
7748,13,13368597597,2023-03-15,120
4204,14,54121665382,2024-03-24,90
4315,4,96819749655,2024-07-07,90
6036,8,13339098215,2023-04-22,60
4739,8,59585238271,2023-12-02,70
8591,9,78619310151,2024-11-19,100
3979,9,88018534365,2023-08-06,100
4889,9,88588264432,2023-10-13,100
8755,4,49844042175,2024-01-30,90
4706,11,24490510848,2024-07-15,50
6662,10,36532438143,2023-11-07,60
8145,14,33806367324,2023-11-09,90
3310,12,24324612671,2023-06-03,80
7379,10,23849819287,2024-05-11,50
7318,2,31484356718,2023-09-10,80
8038,3,48974913544,2023-02-28,80
3800,6,44531445858,2023-12-23,60
8825,12,80097250849,2023-03-25,60
4040,4,15083917272,2023-12-23,100
3912,4,00106463319,2023-07-07,60
6788,9,14126565618,2023-10-21,60
8542,15,61334156414,2023-07-16,50
9416,7,75212049585,2024-06-23,100
7865,8,03372187207,2024-10-02,50
4710,1,29478696237,2024-03-03,60
6070,2,99396289053,2024-08-20,50
6788,8,55494839290,2023-05-09,50
4830,3,13232133779,2024-09-09,80
3134,9,24669787868,2024-05-05,90
6575,3,80501544767,2024-02-27,120
5081,10,77135124185,2024-06-01,60
8558,5,18832351969,2023-09-04,80
8653,3,58498490488,2024-07-26,50
5445,1,11556891612,2023-03-19,80
7161,6,00767907548,2023-12-31,60
8688,15,85650218668,2023-12-07,90
5160,7,12396630247,2023-08-09,120
5210,7,75094452216,2023-03-19,70
5551,3,77671422021,2023-09-21,100
4576,15,16582293109,2024-12-18,50
6670,12,19562248746,2024-08-05,70
3913,12,60401062974,2023-04-17,60
6448,7,21382442411,2023-08-10,60
3858,8,36050543142,2024-03-11,70
5004,4,77347873664,2023-11-16,120
6080,3,68568337086,2023-08-08,90
4528,5,64310697635,2023-01-29,100
3400,5,60465398112,2024-02-09,60
4067,9,52050385285,2023-02-19,100
5761,14,65861631814,2024-04-19,70
9879,3,89590356631,2023-01-31,80
7572,15,33646322112,2023-04-16,50
3185,10,07733076428,2024-07-28,70
9875,2,76226656193,2023-10-29,70
3768,1,21364029595,2024-06-04,60
7487,3,80853520203,2024-05-02,70
3922,7,53106033100,2023-05-31,80
8006,1,92306038532,2024-04-16,80
8186,5,15388703576,2023-03-30,80
4028,3,16840033890,2024-04-17,90
9882,1,91681182586,2023-06-09,50
6393,8,60628552502,2023-12-19,120
6239,10,93003221366,2023-05-08,70
3998,8,65435230987,2023-06-02,90
9080,13,91902829445,2023-11-21,80
4379,11,86655179334,2023-09-08,100
3502,8,92258305796,2024-04-11,120
4983,14,82133663145,2023-06-25,60
9818,5,01560201191,2024-01-09,90
9112,7,93744093072,2023-05-25,70
5100,5,97699036776,2023-12-06,70
4792,7,87609134852,2023-09-13,120
9873,11,77517209291,2023-10-27,60
8269,5,92591764242,2024-02-18,100
8806,13,23082007016,2024-05-09,120
7826,8,70975039101,2024-10-18,60
6297,12,92859282798,2024-06-05,70
7431,4,26429856419,2023-03-25,70
7589,3,34122037160,2024-04-06,70
7610,3,72010823021,2023-08-02,80
3632,4,12966499783,2023-07-12,70
8521,5,79512943963,2024-03-23,70
9464,8,00484005089,2024-08-12,60
6733,14,76201834297,2023-02-24,50
6256,8,95551119858,2023-07-21,100
7036,4,42403733398,2024-09-08,50
8012,2,14571014734,2023-03-26,80
3508,1,86825286706,2024-07-27,50
8821,1,58389609974,2023-08-26,80
5984,10,68676034788,2023-07-03,50
8199,3,86676380213,2024-10-30,50
8833,3,35536281098,2023-11-10,80
3011,6,80394187418,2023-07-19,100
7575,5,64779572504,2023-07-26,90
7505,6,92139080900,2024-01-26,50
6570,4,25797009371,2024-12-21,70
8121,12,72649468400,2024-11-15,70
6938,6,06489771706,2023-12-11,120
8063,15,58458760239,2024-11-18,60
6336,6,17960621040,2023-06-04,120
9738,12,17519146916,2023-08-24,90
4595,13,15752525844,2023-03-06,60
8187,13,69968444053,2023-09-23,50
7059,15,31706757254,2023-10-01,80
3451,6,91855090630,2023-03-01,90
8648,12,60363373499,2023-10-19,60
4031,3,17867090091,2024-02-07,60
6683,7,27474822036,2024-04-02,60
4045,14,61819593065,2023-06-28,70
3283,13,10487690457,2024-08-13,120
7218,12,73813125442,2024-06-02,80
5263,7,72853032773,2023-08-22,70
4088,6,45098509192,2024-11-19,80
5414,1,91023445939,2023-12-12,90
9591,5,39933445118,2023-09-21,60
3237,13,06200789337,2023-09-25,60
4515,5,08019447899,2024-04-22,120
4077,15,34593992611,2023-11-25,90
7553,15,37462970605,2024-04-04,60
3664,12,31183303988,2023-04-27,80
5742,2,41973732192,2023-06-18,60
5866,9,32904587923,2024-03-25,90
8014,13,30937429021,2024-12-17,100
9278,14,17031918424,2024-12-25,100
8458,5,45257009547,2023-03-31,120
4321,14,55610396021,2024-08-18,120
3819,4,47101533288,2023-01-02,70
5201,7,20124791789,2023-02-04,60
9765,2,57840261259,2024-04-09,50
5308,4,99151611501,2023-09-10,120
8048,2,79928200476,2024-11-19,120
4040,4,34728854697,2023-05-07,50
7079,6,97805127738,2023-11-11,90
7458,3,11596796029,2024-02-28,60
7743,6,63726177964,2023-01-12,120
6102,1,01806724836,2023-03-04,60
6779,14,02089902842,2024-10-19,70
8023,11,99349058726,2023-02-05,100
9963,2,14653821480,2023-10-03,120
6086,11,78621166770,2023-03-02,80
8142,7,76866991408,2023-03-29,100
5207,15,83550209819,2023-07-15,90
4725,12,97013717725,2024-06-22,80
6959,3,74535584518,2023-08-29,60
8780,15,74265672732,2023-04-23,90
5630,14,87670509464,2024-10-16,70
4388,10,50651160732,2023-02-01,120
9331,3,83008231712,2023-01-03,100
8009,14,63917113792,2023-08-02,70
9452,9,09672326523,2023-12-10,120
9185,3,34810131753,2024-06-03,80
5560,6,90669851582,2024-09-19,100
9082,12,27054730290,2023-03-02,120
3713,8,84126241782,2024-09-23,50
3778,3,26636701714,2023-02-08,60
8491,14,10543212404,2023-07-13,70
4831,12,70692341003,2024-05-21,100
9078,9,84272752945,2023-03-21,60
4738,8,63026452123,2023-09-27,60
8218,3,47262025690,2024-07-24,100
6387,7,82393770813,2024-05-23,100
7322,10,03974057077,2024-06-29,60
8499,15,70418796803,2023-10-18,80
4076,9,58783720645,2024-09-25,50
4075,3,11552949256,2023-08-02,100
8502,15,94056320038,2024-10-22,60
6374,12,76386738613,2024-05-31,120
4290,12,25257065356,2024-05-21,120
3751,14,59085564630,2023-06-29,90
9083,3,23177001924,2023-03-20,80
6339,5,28245899122,2024-05-08,50
4388,6,05320639264,2023-03-08,50
9962,4,00524622563,2024-10-09,100
7865,6,05940818532,2024-07-04,80
7088,3,46366139467,2023-05-26,90
5121,5,88213273010,2023-09-03,50
3681,11,16996865610,2024-01-23,70
9832,4,85927365944,2024-08-20,60
5569,3,63894494579,2024-08-27,100
8086,5,09480285453,2023-07-24,80
4567,9,68627359046,2023-11-28,80
6035,10,16739499425,2024-08-11,120
6657,4,56954885229,2024-12-28,70
5863,10,49045551674,2023-06-30,100
5770,4,29337503981,2024-11-05,70
4881,6,28235287288,2023-09-19,80
3843,2,96320880888,2024-07-09,90
9129,6,00595502603,2024-06-10,90
9632,15,10771851853,2023-06-18,120
7251,9,61002300514,2023-08-09,70
8877,2,71467568700,2023-10-17,90
8802,7,18555270435,2023-03-22,120
7022,15,04784284235,2023-06-15,90
6732,6,02297033202,2024-06-01,70
5828,7,08124756673,2024-04-13,120
5498,8,44534199948,2024-09-30,120
5911,5,67011725957,2024-02-18,60
3234,15,19631939386,2024-03-12,60
9455,5,79333417692,2024-06-24,50
7158,10,70490779536,2024-01-10,80
6715,15,29881759275,2024-08-25,60
4082,7,40543176050,2023-12-28,120
3070,12,11090831046,2023-02-22,50
9292,7,39487823958,2024-02-27,120
6553,1,08960026970,2024-01-12,100
8956,14,76092517121,2023-11-12,90
9943,3,99429803129,2024-06-29,50
9595,3,08450464730,2023-04-07,80
9775,14,95690145469,2023-12-10,80
9767,10,39220081023,2023-06-04,70
5930,15,52948730059,2023-09-30,60
7927,3,97766909025,2023-10-16,80
9004,7,41760321230,2024-03-31,80
9380,2,77975384269,2023-11-22,60
8501,7,18370895540,2023-07-29,90
4266,1,80580291623,2024-04-26,80
6615,2,43704356214,2023-08-27,80
9349,5,50462443800,2023-09-16,70
9438,7,17095343342,2024-04-01,90
5940,12,31983377586,2023-11-30,60
9268,10,12730698838,2023-03-04,50
5487,2,23387222845,2023-10-03,60
3157,7,23596651646,2023-07-07,70
7486,9,00644910072,2024-12-19,60
5480,15,55059260476,2024-06-27,90
9513,3,37912549672,2024-05-29,70
9638,8,79223484099,2024-11-02,120
8016,7,47059267813,2023-11-22,60
4625,10,84677266724,2023-02-16,80
7205,12,45639666946,2024-04-16,50
6891,15,54088874039,2023-11-22,90
5515,6,04112495756,2023-03-28,120
3662,5,94942953899,2024-02-12,50
9425,2,51042911180,2023-06-29,120
5503,15,39168300819,2023-03-05,100
5563,12,34759092478,2023-08-02,50
6363,11,93367902674,2023-03-12,70
7688,11,88284832276,2023-01-15,70
6003,11,34876911253,2023-12-06,120
6608,9,63438618753,2024-09-27,100
5849,13,71682175321,2024-01-23,60
7481,1,69366005962,2023-12-14,60
9615,11,37321647531,2024-12-24,120
6734,7,70943202124,2023-04-07,60
5856,15,34083426956,2024-09-28,90
4455,3,30442404195,2024-04-09,70
6070,1,01618090873,2024-02-12,50
9685,4,51682830498,2023-02-13,100
4093,3,57863703176,2023-04-17,90
8879,2,78186156433,2023-09-30,60
4097,13,74380614279,2023-04-20,60
6376,5,16330542110,2023-01-03,100
8572,3,43266814086,2024-11-07,120
8198,4,57847800157,2024-08-20,90
6387,6,49642971919,2024-07-31,60
7752,13,95277517201,2023-01-29,50
8375,1,44365468797,2023-11-04,100
7604,6,64440957806,2024-02-22,100
9004,1,05395431280,2023-10-04,100
8253,7,34065678095,2023-09-02,80
6404,4,23367536184,2023-01-01,100
4402,4,66475315357,2024-03-19,120
8503,8,76617986615,2023-06-27,80
6492,11,47900769313,2024-05-08,100
3337,12,46335948488,2024-04-07,70
8319,11,77264315314,2024-05-02,120
5849,6,29045517039,2023-10-02,100
5057,9,04638850029,2023-04-19,70
5677,14,95361622437,2023-12-08,60
3390,9,58573797417,2024-08-03,60
5852,4,23396697690,2023-04-29,50
6307,5,72289904288,2024-11-18,50
4384,14,79418195051,2023-06-24,70
5939,7,82177323883,2024-04-06,80
7228,7,99304496574,2024-05-23,80
3280,12,21960943116,2024-04-30,70
6562,10,77792706590,2023-07-24,70
6277,2,05465827602,2024-03-07,80
3240,6,98676758468,2024-07-05,50
9699,13,79035758746,2023-06-30,70
3918,6,95086331283,2023-06-20,70
7833,10,54099545096,2023-06-26,60
9299,4,22714218333,2024-04-28,80
7272,4,73615200747,2024-06-06,80
9656,5,58609387059,2024-11-01,90
7591,2,82937149397,2024-10-09,70
9822,14,27630251500,2024-09-19,60
3043,15,21761626425,2024-03-03,50
7039,6,69689242832,2023-03-25,50
6915,13,54774257423,2024-08-06,100
7795,12,47753856748,2024-05-12,90
6638,1,15696347342,2024-01-01,80
6816,13,95712184406,2024-11-15,70
5490,2,64045088302,2023-07-15,90
3471,10,13640912771,2024-06-28,50
8271,6,01576404028,2024-12-24,70
6772,10,34192759977,2024-10-31,70
3959,10,24208156174,2023-12-28,120
5140,7,21978240453,2023-03-31,50
3118,5,93463999056,2023-06-18,120
4355,12,52143227924,2023-09-28,70
4469,15,04450692660,2024-12-20,90
9776,7,22590614800,2024-02-18,90
3679,1,11897119941,2023-02-10,120
3382,7,37196213192,2023-07-14,120
7135,11,87027384926,2024-10-09,80
3135,8,89695438458,2023-10-29,100
6417,13,04491097533,2023-06-30,70
6057,11,44963733615,2023-12-24,60
8347,5,34055764474,2023-11-11,50
6297,12,15536337033,2024-05-24,120
8860,5,01017321717,2024-06-24,120
9186,10,24053547214,2024-08-01,90
7988,13,11945549359,2023-01-25,80
4028,1,04739188126,2023-08-20,80
8889,9,06871588258,2024-08-09,90
9417,7,69791665093,2023-01-09,90
9727,13,24079950386,2023-03-10,70
7976,13,40611908890,2023-01-09,90
5300,4,79110076680,2023-07-29,60
3921,15,13810043686,2023-12-21,100
9941,12,28589165530,2024-03-04,100
4583,7,68058280805,2024-03-13,90
3183,5,93858712870,2024-04-16,120
9539,8,05794742617,2024-03-04,120
7919,9,85199855372,2024-04-12,90
5310,4,33145258408,2023-10-11,80
5355,4,13939905302,2023-04-23,50
4445,3,76305654137,2024-03-03,80
9676,13,12995108749,2024-11-19,50
9659,10,36734582922,2024-02-01,90
3995,10,29979800915,2023-10-13,50
6290,9,46817776822,2023-07-23,100
7017,10,16331823744,2024-12-09,100
6019,13,83084264061,2024-09-29,60
9855,3,98461083022,2024-01-03,120
4425,11,09474165226,2023-08-12,120
7456,1,81852253107,2023-10-16,60
4479,10,58374527149,2023-03-06,120
5011,7,07833693618,2023-08-31,60
8673,15,62550836166,2023-07-04,70
3554,10,77553951752,2023-08-19,60
3743,8,24325690467,2023-11-05,120
3005,15,52179551052,2024-03-04,120
4971,2,06401618353,2023-01-14,50
3616,11,00898026921,2023-08-19,120
8129,11,63998307971,2023-07-01,120
4802,3,42693666994,2024-07-31,70
5132,10,74966247853,2024-01-31,70
5761,6,49043583378,2024-08-07,50
5524,12,17969195907,2023-02-24,50
4593,13,09866029858,2024-03-07,60
6773,5,63181794861,2023-08-15,90
9690,1,82712437922,2023-11-12,50
9278,2,04161263208,2024-05-04,70
5723,9,69826479189,2023-09-08,120
3889,9,00500186688,2023-04-28,120
6548,9,15971770319,2023-12-24,100
7341,2,38128315548,2024-10-10,100
4861,5,81217972420,2024-08-24,100
8513,9,06411295224,2024-08-03,50
5817,10,74863505370,2024-06-06,100
4784,3,74603042946,2023-01-08,70
5291,14,68680013846,2023-10-26,70
3137,8,37892455236,2024-08-05,60
8659,13,47603962972,2023-01-31,90
8986,11,05700043445,2023-03-18,70
6673,5,68921972070,2024-01-07,60
4477,5,75996047520,2023-03-19,80
5681,4,43777167540,2024-06-20,80
7749,8,91036509092,2023-03-27,70
9518,9,40585012054,2024-02-14,90
7170,1,65718402005,2024-05-24,90
3705,7,38604325325,2023-02-12,100
6913,7,15343029803,2023-04-02,80
9157,9,64303559038,2024-08-08,100
6225,3,86818781032,2024-07-15,100
